{"cameraMode":{"drawMode":0,"name":"Shaded","section":"Shading Mode"},"sceneLighting":true,"audioPlay":false,"sceneViewState":{"m_AlwaysRefresh":false,"showFog":true,"showSkybox":true,"showFlares":true,"showImageEffects":true,"showParticleSystems":true,"showVisualEffectGraphs":true,"m_FxEnabled":false},"in2DMode":false,"pivot":{"x":30.797346115112306,"y":3.8935277462005617,"z":26.263410568237306},"rotation":{"x":0.06069762632250786,"y":0.5125888586044312,"z":-0.03635411337018013,"w":0.8557437658309937},"size":42.616180419921878,"orthographic":false}